ImageFile,corrAns,TYPE,,
logic/1.png,6,AND,,
logic/2.png,8,AND,,
logic/3.png,5,AND,,
logic/4.png,7,AND,,
logic/5.png,2,AND,,
logic/6.png,8,AND,,
logic/7.png,4,AND,,
logic/8.png,5,AND,,
logic/9.png,8,AND,,
logic/10.png,5,AND,,
logic/11.png,4,AND,,
logic/12.png,2,AND,,
logic/13.png,8,AND,,
logic/14.png,7,AND,,
logic/15.png,5,AND,,
logic/16.png,3,AND,,
logic/17.png,2,AND,,
logic/18.png,8,AND,,
logic/19.png,6,AND,,
logic/20.png,8,OR,,
logic/21.png,5,OR,,
logic/22.png,5,OR,,
logic/23.png,7,OR,,
logic/24.png,2,OR,,
logic/25.png,8,OR,,
logic/26.png,4,OR,,
logic/27.png,5,OR,,
logic/28.png,8,OR,,
logic/29.png,5,OR,,
logic/30.png,4,OR,,
logic/31.png,2,OR,,
logic/32.png,8,OR,,
logic/33.png,7,OR,,
logic/34.png,5,OR,,
logic/35.png,3,OR,,
logic/36.png,2,OR,,
logic/37.png,8,OR,,
logic/38.png,6,OR,,
logic/39.png,8,OR,,
logic/40.png,7,XOR,,
logic/41.png,7,XOR,,
logic/42.png,6,XOR,,
logic/43.png,5,XOR,,
logic/44.png,5,XOR,,
logic/45.png,7,XOR,,
logic/46.png,2,XOR,,
logic/47.png,8,XOR,,
logic/48.png,4,XOR,,
logic/49.png,5,XOR,,
logic/50.png,8,XOR,,
logic/51.png,5,XOR,,
logic/52.png,4,XOR,,
logic/53.png,2,XOR,,
logic/54.png,8,XOR,,
logic/55.png,7,XOR,,
logic/56.png,5,XOR,,
logic/57.png,3,XOR,,
logic/58.png,2,XOR,,
logic/59.png,8,XOR,,
logic/60.png,6,XOR,,